Product Name,Product Price,Rating,Number of Reviews,Product URL
"uppercase Medium 23 Ltrs Tall Boy (14.6 inch) Laptop Backpack 2500EBP1 3x more water resistant sustainable bag with rain proof zippers for Men, Women, Boys and Girls, 750 Days warranty",,4.0 out of 5 stars,4.0,https://www.amazon.in/sspa/click?ie=UTF8&spc=MTo0ODg0NTA0NzMzNzQ5NTk3OjE2OTI2MjI4NTA6c3BfYXRmOjIwMDY1NTMzNjg0Njk4OjowOjo&url=%2FPOLICE-ltrs-cms-backpack-PTO020008_1_black%2Fdp%2FB0B81YTTWS%2Fref%3Dsr_1_1_sspa%3Fcrid%3D2M096C61O4MLT%26keywords%3Dbags%26qid%3D1692622850%26sprefix%3Dba%252Caps%252C283%26sr%3D8-1-spons%26sp_csd%3Dd2lkZ2V0TmFtZT1zcF9hdGY%26psc%3D1
"uppercase Medium 17 Ltrs Vegan Leather (upto 14 inch) Laptop Backpack 2300EBP1 3x more water resistant sustainable bags with rain proof zippers for Men, Women, Boys and Girls, 750 Days warranty",,4.0 out of 5 stars,4.0,https://www.amazon.in/sspa/click?ie=UTF8&spc=MTo0ODg0NTA0NzMzNzQ5NTk3OjE2OTI2MjI4NTA6c3BfYXRmOjIwMDYzNzg0NDU4Mzk4OjowOjo&url=%2Fuppercase-Backpack-2300EBP1-repellent-sustainable%2Fdp%2FB0B69M182Q%2Fref%3Dsr_1_2_sspa%3Fcrid%3D2M096C61O4MLT%26keywords%3Dbags%26qid%3D1692622850%26sprefix%3Dba%252Caps%252C283%26sr%3D8-2-spons%26sp_csd%3Dd2lkZ2V0TmFtZT1zcF9hdGY%26psc%3D1
Skybags Brat Black 46 Cms Casual Backpack,,4.1 out of 5 stars,4.1,https://www.amazon.in/gp/bestsellers/luggage/2917436031/ref=sr_bs_2_2917436031_1
American Tourister Fizz Large Size 32 Ltrs Casual Backpack (BLACK),,4.0 out of 5 stars,4.0,https://www.amazon.in/American-Tourister-AMT-SCH-02/dp/B07CJCGM1M/ref=ice_ac_b_dpb?crid=2M096C61O4MLT&keywords=bags&qid=1692622850&sprefix=ba%2Caps%2C283&sr=8-4
Half Moon Large 37L Laptop Bag Backpack for menं Women Boys and Girls Luggage Travel Bags with 17.3 inches Laptop Compartment & Rain Cover,,3.9 out of 5 stars,3.9,https://www.amazon.in/Half-Moon-Backpack-Luggage-Compartment/dp/B09VCLZ3K4/ref=sr_1_5?crid=2M096C61O4MLT&keywords=bags&qid=1692622850&sprefix=ba%2Caps%2C283&sr=8-5
"Genie Miami Laptop Backpack for Women,Tuition bag, 16 inches Office Bag, Sky Blue Stylish and Trendy Bag for Office and College",,4.2 out of 5 stars,4.2,https://www.amazon.inhttps://aax-eu.amazon.in/x/c/RBvxfnTDZHRtRAUc16YuCDcAAAGKGC8IBQMAAAH2AQBvbm9fdHhuX2JpZDEgICBvbm9fdHhuX2ltcDEgICCLRY4y/https://www.amazon.in/dp/B07SRGGGNC?pd_rd_i=B07SRGGGNC&pf_rd_p=ea7f11f8-e26c-4b10-84ad-15aa33ea30ac&pf_rd_r=DAN2Y29X61MFJ00YZAKR&pd_rd_wg=tOE4w&pd_rd_w=ExlH8&pd_rd_r=f82bf737-4d36-4e60-870a-09937fcf9c1b
"FUR JADEN Anti Theft Number Lock Backpack Bag with 15.6 Inch Laptop Compartment, USB Charging Port & Organizer Pocket for Men Women Boys Girls",,4.0 out of 5 stars,4.0,https://www.amazon.in/Number-Backpack-Compartment-Charging-Organizer/dp/B09VTDMRY7/ref=sr_1_6?crid=2M096C61O4MLT&keywords=bags&qid=1692622850&sprefix=ba%2Caps%2C283&sr=8-6
TRUE HUMAN EMPEROR® Anti-Theft backpack With USB charging Port Laptop bag/Office bag/college bag/travel bag with anti -theft back pocket (LEGEND),,3.7 out of 5 stars,3.7,https://www.amazon.in/TRUE-HUMAN-Anti-Theft-backpack-charging/dp/B09QJ7ZF2Y/ref=sr_1_7?crid=2M096C61O4MLT&keywords=bags&qid=1692622850&sprefix=ba%2Caps%2C283&sr=8-7
"Half Moon 35 Ltrs Water Resistant 15.6 inch Laptop Bag for Men/Backpack for Men, Navy Blue | Office Bag for Men/Office Bag for Women with Padded Laptop Compartment | Rain Cover & Reflective Strips",,3.9 out of 5 stars,3.9,https://www.amazon.in/Half-Moon-Waterproof-Backpack-Students/dp/B085MHDJ93/ref=sr_1_8?crid=2M096C61O4MLT&keywords=bags&qid=1692622850&sprefix=ba%2Caps%2C283&sr=8-8
Half Moon Large 37L Laptop Bag Backpack for menं Women Boys and Girls Luggage Travel Bags with 17.3 inches Laptop Compartment & Rain Cover,,3.9 out of 5 stars,3.9,https://www.amazon.in/Half-Moon-Resistant-Backpack-Compartment/dp/B0BJ32LQ6X/ref=sr_1_9?crid=2M096C61O4MLT&keywords=bags&qid=1692622850&sprefix=ba%2Caps%2C283&sr=8-9
"Fur Jaden 55 LTR Rucksack Travel Backpack Bag for Trekking, Hiking with Shoe Compartment",,4.3 out of 5 stars,4.3,https://www.amazon.in/gp/bestsellers/luggage/1984997031/ref=sr_bs_9_1984997031_1
"HOEXL 42L Expandable Laptop Backpack - Premium Laptop Backpacks for Men, Women for Travel, School, College - Tech Bag with USB - Bagpacker Bag for Men, 17 inch Laptop Bags for Multipurpose with Water-resistant, Smart Bag with Multiple Compartments",,5.0 out of 5 stars,5.0,https://www.amazon.in/sspa/click?ie=UTF8&spc=MTo0ODg0NTA0NzMzNzQ5NTk3OjE2OTI2MjI4NTA6c3BfbXRmOjMwMDAxMjMzOTQzMjgzMjo6MDo6&url=%2FHOEXL-Expandable-Laptop-Backpack-Water-resistant%2Fdp%2FB0C3J2RLHP%2Fref%3Dsr_1_11_sspa%3Fcrid%3D2M096C61O4MLT%26keywords%3Dbags%26qid%3D1692622850%26sprefix%3Dba%252Caps%252C283%26sr%3D8-11-spons%26sp_csd%3Dd2lkZ2V0TmFtZT1zcF9tdGY%26psc%3D1
"uppercase 26 Ltrs Ryder Professional Laptop Backpack (15.6 Inch) 3x more water resistant sustainable bags with rain proof zippers for Men, Women, Boys and Girls, 750 Days warranty",,4.3 out of 5 stars,4.3,https://www.amazon.in/sspa/click?ie=UTF8&spc=MTo0ODg0NTA0NzMzNzQ5NTk3OjE2OTI2MjI4NTA6c3BfbXRmOjIwMTI3NjgzODcyMzk4OjowOjo&url=%2FUPPERCASE-Professional-Backpack-resistant-sustainable%2Fdp%2FB0BXFDK5J2%2Fref%3Dsr_1_12_sspa%3Fcrid%3D2M096C61O4MLT%26keywords%3Dbags%26qid%3D1692622850%26sprefix%3Dba%252Caps%252C283%26sr%3D8-12-spons%26sp_csd%3Dd2lkZ2V0TmFtZT1zcF9tdGY%26psc%3D1
"MosQuick® Clear large Drawstring Bags Clear Plastic Travel Bags, Travel Garments Organizing Storage Plastic Bags ,Shoe bags , Stationery Bag,multipurpose bag - Translucent",,4.1 out of 5 stars,Amazon’s private and select curated brands,https://www.amazon.in/s/ref=sxin_25_trfobq2av2?rh=n%3A14737350031&k=bags&i=specialty-aps&srs=14737350031&pd_rd_w=NTJTD&content-id=amzn1.sym.7abeb195-8e0b-4e74-aede-b7cb234213a5:amzn1.sym.7abeb195-8e0b-4e74-aede-b7cb234213a5&pf_rd_p=7abeb195-8e0b-4e74-aede-b7cb234213a5&pf_rd_r=DAN2Y29X61MFJ00YZAKR&pd_rd_wg=tOE4w&pd_rd_r=f82bf737-4d36-4e60-870a-09937fcf9c1b&qid=1692622850
"MosQuick® Clear large Drawstring Bags Clear Plastic Travel Bags, Travel Garments Organizing Storage Plastic Bags ,Shoe bags , Stationery Bag,multipurpose bag - Translucent",,4.1 out of 5 stars,4.1,https://www.amazon.in/MosQuick%C2%AE-Drawstring-Organizing-Stationery-multipurpose/dp/B09SB5DP5Y/ref=sxin_25_trfobq2av2_0_B09SB5DP5Y?content-id=amzn1.sym.7abeb195-8e0b-4e74-aede-b7cb234213a5%3Aamzn1.sym.7abeb195-8e0b-4e74-aede-b7cb234213a5&crid=2M096C61O4MLT&cv_ct_cx=bags&keywords=bags&pd_rd_i=B09SB5DP5Y&pd_rd_r=f82bf737-4d36-4e60-870a-09937fcf9c1b&pd_rd_w=NTJTD&pd_rd_wg=tOE4w&pf_rd_p=7abeb195-8e0b-4e74-aede-b7cb234213a5&pf_rd_r=DAN2Y29X61MFJ00YZAKR&qid=1692622850&sbo=EO%2BcdOgoisx3waG5xqcZQA%3D%3D&sprefix=ba%2Caps%2C283&sr=1-1-973fd8bd-28ce-479e-8be4-fbaf1193947a
"Presto! Oxo-Biodegradable Garbage Bags, Large (24 x 32 inches) - 15 bags/roll (Pack of 6, Black, plastic)",,4.3 out of 5 stars,4.3,https://www.amazon.in/Amazon-Brand-Presto-Oxo-Biodegradable-Garbage/dp/B0821PYKVK/ref=sxin_25_trfobq2av2_1_B0821PYKVK?content-id=amzn1.sym.7abeb195-8e0b-4e74-aede-b7cb234213a5%3Aamzn1.sym.7abeb195-8e0b-4e74-aede-b7cb234213a5&crid=2M096C61O4MLT&cv_ct_cx=bags&keywords=bags&pd_rd_i=B0821PYKVK&pd_rd_r=f82bf737-4d36-4e60-870a-09937fcf9c1b&pd_rd_w=NTJTD&pd_rd_wg=tOE4w&pf_rd_p=7abeb195-8e0b-4e74-aede-b7cb234213a5&pf_rd_r=DAN2Y29X61MFJ00YZAKR&qid=1692622850&sbo=Tc8eqSFhUl4VwMzbE4fw%2Fw%3D%3D&sprefix=ba%2Caps%2C283&sr=1-2-973fd8bd-28ce-479e-8be4-fbaf1193947a
Amazon Basics Laptop Backpack,,4.2 out of 5 stars,4.2,https://www.amazon.in/Amazon-Basics-Laptop-Backpack-Repellent/dp/B09W3XLDM2/ref=sxin_25_trfobq2av2_2_B09W3XLDM2?content-id=amzn1.sym.7abeb195-8e0b-4e74-aede-b7cb234213a5%3Aamzn1.sym.7abeb195-8e0b-4e74-aede-b7cb234213a5&crid=2M096C61O4MLT&cv_ct_cx=bags&keywords=bags&pd_rd_i=B09W3XLDM2&pd_rd_r=f82bf737-4d36-4e60-870a-09937fcf9c1b&pd_rd_w=NTJTD&pd_rd_wg=tOE4w&pf_rd_p=7abeb195-8e0b-4e74-aede-b7cb234213a5&pf_rd_r=DAN2Y29X61MFJ00YZAKR&qid=1692622850&sbo=RZvfv%2F%2FHxDF%2BO5021pAnSA%3D%3D&sprefix=ba%2Caps%2C283&sr=1-3-973fd8bd-28ce-479e-8be4-fbaf1193947a
,,4.0 out of 5 stars,,https://www.amazon.in/Backpack-Toddler-Animal-Cartoon-Travel/dp/B08D5RCWV9/ref=sxin_25_trfobq2av2_3_B08D5RCWV9?content-id=amzn1.sym.7abeb195-8e0b-4e74-aede-b7cb234213a5%3Aamzn1.sym.7abeb195-8e0b-4e74-aede-b7cb234213a5&crid=2M096C61O4MLT&cv_ct_cx=bags&keywords=bags&pd_rd_i=B08D5RCWV9&pd_rd_r=f82bf737-4d36-4e60-870a-09937fcf9c1b&pd_rd_w=NTJTD&pd_rd_wg=tOE4w&pf_rd_p=7abeb195-8e0b-4e74-aede-b7cb234213a5&pf_rd_r=DAN2Y29X61MFJ00YZAKR&qid=1692622850&sbo=RZvfv%2F%2FHxDF%2BO5021pAnSA%3D%3D&sprefix=ba%2Caps%2C283&sr=1-4-973fd8bd-28ce-479e-8be4-fbaf1193947a
,,4.0 out of 5 stars,,https://www.amazon.in/Amazon-Brand-Solimo-Diaper-Backpack/dp/B08FTHBRPY/ref=sxin_25_trfobq2av2_4_B08FTHBRPY?content-id=amzn1.sym.7abeb195-8e0b-4e74-aede-b7cb234213a5%3Aamzn1.sym.7abeb195-8e0b-4e74-aede-b7cb234213a5&crid=2M096C61O4MLT&cv_ct_cx=bags&keywords=bags&pd_rd_i=B08FTHBRPY&pd_rd_r=f82bf737-4d36-4e60-870a-09937fcf9c1b&pd_rd_w=NTJTD&pd_rd_wg=tOE4w&pf_rd_p=7abeb195-8e0b-4e74-aede-b7cb234213a5&pf_rd_r=DAN2Y29X61MFJ00YZAKR&qid=1692622850&sbo=RZvfv%2F%2FHxDF%2BO5021pAnSA%3D%3D&sprefix=ba%2Caps%2C283&sr=1-5-973fd8bd-28ce-479e-8be4-fbaf1193947a
,,4.0 out of 5 stars,,https://www.amazon.in/AmazonBasics-Casual-Backpack-Office-15-6-inch/dp/B09W4VMZ79/ref=sxin_25_trfobq2av2_5_B09W4VMZ79?content-id=amzn1.sym.7abeb195-8e0b-4e74-aede-b7cb234213a5%3Aamzn1.sym.7abeb195-8e0b-4e74-aede-b7cb234213a5&crid=2M096C61O4MLT&cv_ct_cx=bags&keywords=bags&pd_rd_i=B09W4VMZ79&pd_rd_r=f82bf737-4d36-4e60-870a-09937fcf9c1b&pd_rd_w=NTJTD&pd_rd_wg=tOE4w&pf_rd_p=7abeb195-8e0b-4e74-aede-b7cb234213a5&pf_rd_r=DAN2Y29X61MFJ00YZAKR&qid=1692622850&sbo=RZvfv%2F%2FHxDF%2BO5021pAnSA%3D%3D&sprefix=ba%2Caps%2C283&sr=1-6-973fd8bd-28ce-479e-8be4-fbaf1193947a
,,4.5 out of 5 stars,,https://www.amazon.in/Dyazo-Backpack-Business-Notebook-computer/dp/B0C7HC675G/ref=sxin_25_trfobq2av2_6_B0C7HC675G?content-id=amzn1.sym.7abeb195-8e0b-4e74-aede-b7cb234213a5%3Aamzn1.sym.7abeb195-8e0b-4e74-aede-b7cb234213a5&crid=2M096C61O4MLT&cv_ct_cx=bags&keywords=bags&pd_rd_i=B0C7HC675G&pd_rd_r=f82bf737-4d36-4e60-870a-09937fcf9c1b&pd_rd_w=NTJTD&pd_rd_wg=tOE4w&pf_rd_p=7abeb195-8e0b-4e74-aede-b7cb234213a5&pf_rd_r=DAN2Y29X61MFJ00YZAKR&qid=1692622850&sbo=RZvfv%2F%2FHxDF%2BO5021pAnSA%3D%3D&sprefix=ba%2Caps%2C283&sr=1-7-973fd8bd-28ce-479e-8be4-fbaf1193947a
,,4.0 out of 5 stars,,https://www.amazon.in/School-Backpack-Cartoon-Travel-Toddler/dp/B097NHH5YY/ref=sxin_25_trfobq2av2_7_B097NHH5YY?content-id=amzn1.sym.7abeb195-8e0b-4e74-aede-b7cb234213a5%3Aamzn1.sym.7abeb195-8e0b-4e74-aede-b7cb234213a5&crid=2M096C61O4MLT&cv_ct_cx=bags&keywords=bags&pd_rd_i=B097NHH5YY&pd_rd_r=f82bf737-4d36-4e60-870a-09937fcf9c1b&pd_rd_w=NTJTD&pd_rd_wg=tOE4w&pf_rd_p=7abeb195-8e0b-4e74-aede-b7cb234213a5&pf_rd_r=DAN2Y29X61MFJ00YZAKR&qid=1692622850&sbo=RZvfv%2F%2FHxDF%2BO5021pAnSA%3D%3D&sprefix=ba%2Caps%2C283&sr=1-8-973fd8bd-28ce-479e-8be4-fbaf1193947a
POLICE Backpack for Men Casual Laptop Bag Office/Travel/College 30 Ltr Hedge Polyester - Black,,4.1 out of 5 stars,4.1,https://www.amazon.in/Police-Polyester-laptop-casual-backpack/dp/B09CQ5T3LN/ref=sr_1_13?crid=2M096C61O4MLT&keywords=bags&qid=1692622850&sprefix=ba%2Caps%2C283&sr=8-13
Fur Jaden Brown Textured Leatherette Stylish & Spacious Weekender Duffle Bag for Travel,,4.3 out of 5 stars,4.3,https://www.amazon.in/FUR-JADEN-Leatherette-Polypropylene-DUFF05/dp/B07M9BRCQ5/ref=sr_1_14?crid=2M096C61O4MLT&keywords=bags&qid=1692622850&sprefix=ba%2Caps%2C283&sr=8-14
Gear CarryOn 16L Foldable Water Resistant School Bag//Backpack/College Bag for Men/Women - Blue Black,,3.7 out of 5 stars,3.7,https://www.amazon.in/GEAR-Black-Blue-Backpack-years/dp/B019HA8AYG/ref=sr_1_15?crid=2M096C61O4MLT&keywords=bags&qid=1692622850&sprefix=ba%2Caps%2C283&sr=8-15
Gear Classic 20L Small Size Faux Leather Water Resistant Anti Theft Unisex Laptop Backpack- Brown,,4.4 out of 5 stars,4.4,https://www.amazon.in/Gear-Classic-Leather-Backpack-LBPCLSLTH0201/dp/B07G4F6XFH/ref=sr_1_16?crid=2M096C61O4MLT&keywords=bags&qid=1692622850&sprefix=ba%2Caps%2C283&sr=8-16
Safari Seek 45 Ltrs Overnighter Expandable Travel Laptop Backpack,,4.5 out of 5 stars,4.5,https://www.amazon.in/Safari-45L-21-OB-BLK/dp/B07BZ5VC4H/ref=sr_1_17?crid=2M096C61O4MLT&keywords=bags&qid=1692622850&sprefix=ba%2Caps%2C283&sr=8-17
"American Tourister VALEX BLUE LAPTOP BACKPACK 28 Ltrs,Volume, LAPTOP COMPARTMENT, BOTTLE POCKET, FRONT ORGANIZER",,4.2 out of 5 stars,4.2,https://www.amazon.in/American-Tourister-BACKPACK-COMPARTMENT-ORGANIZER/dp/B0BTD4FK9G/ref=sr_1_18?crid=2M096C61O4MLT&keywords=bags&qid=1692622850&sprefix=ba%2Caps%2C283&sr=8-18
"Mi Step Out 12 L Mini Backpack (Small Size, Black, Water Repellant)",,4.1 out of 5 stars,4.1,https://www.amazon.in/Backpack-Small-Black-Water-Repellant/dp/B088XB5XY8/ref=sr_1_19?crid=2M096C61O4MLT&keywords=bags&qid=1692622850&sprefix=ba%2Caps%2C283&sr=8-19
Sfane Polyester 23cms Duffle/Shoulder/Gym Bag for Men & Women with Separate Shoe Compartment (Grey),,4.3 out of 5 stars,4.3,https://www.amazon.in/gp/bestsellers/luggage/2917507031/ref=sr_bs_19_2917507031_1
"uppercase Apex Professional Laptop Backpack (15.6 Inch) 3x more water resistant sustainable bags with rain proof zippers for Men, Women, Boys and Girls, 750 Days warranty",,4.4 out of 5 stars,4.4,https://www.amazon.in/sspa/click?ie=UTF8&spc=MTo0ODg0NTA0NzMzNzQ5NTk3OjE2OTI2MjI4NTA6c3BfYnRmOjIwMTI1ODk5OTIwNjk4OjowOjo&url=%2FUppercase-Professional-Backpack-Resistant-Sustainable%2Fdp%2FB0BWNBQXDZ%2Fref%3Dsr_1_21_sspa%3Fcrid%3D2M096C61O4MLT%26keywords%3Dbags%26qid%3D1692622850%26sprefix%3Dba%252Caps%252C283%26sr%3D8-21-spons%26sp_csd%3Dd2lkZ2V0TmFtZT1zcF9idGY%26psc%3D1
FUR JADEN Pro Series Smart Tech Anti-Theft Laptop Backpack With USB-A and USB-C Type Charging Port for Men & Women For Business Professionals & College Students,,4.6 out of 5 stars,4.6,https://www.amazon.in/sspa/click?ie=UTF8&spc=MTo0ODg0NTA0NzMzNzQ5NTk3OjE2OTI2MjI4NTA6c3BfYnRmOjIwMTUzOTYyNDIxNDk4OjowOjo&url=%2FFUR-JADEN-Anti-Theft-Backpack-Professionals%2Fdp%2FB0C28QQMFJ%2Fref%3Dsr_1_22_sspa%3Fcrid%3D2M096C61O4MLT%26keywords%3Dbags%26qid%3D1692622850%26sprefix%3Dba%252Caps%252C283%26sr%3D8-22-spons%26sp_csd%3Dd2lkZ2V0TmFtZT1zcF9idGY%26psc%3D1
POLICE Backpack for Men Casual Laptop Bag Office/Travel/College 30 Ltr Hedge Polyester - Black,,4.1 out of 5 stars,4.1,https://www.amazon.in/sspa/click?ie=UTF8&spc=MTozNjQxOTcwODczMTc0NTk3OjE2OTI2MjI4NTA6c3Bfc2VhcmNoX3RoZW1hdGljOjMwMDAxMzM0Mjk4MzgzMjo6MDo6&url=%2FPolice-Polyester-laptop-casual-backpack%2Fdp%2FB09CQ5T3LN%2Fref%3Dsxbs_pa_sp_search_thematic_sspa%3Fcontent-id%3Damzn1.sym.8ea8b837-e8d5-4d1c-96e0-6db92bafe572%253Aamzn1.sym.8ea8b837-e8d5-4d1c-96e0-6db92bafe572%26crid%3D2M096C61O4MLT%26cv_ct_cx%3Dbags%26keywords%3Dbags%26pd_rd_i%3DB09CQ5T3LN%26pd_rd_r%3Df3ef8520-5440-4a29-a81b-fa08c65c7695%26pd_rd_w%3D4wjxA%26pd_rd_wg%3D0zMPn%26pf_rd_p%3D8ea8b837-e8d5-4d1c-96e0-6db92bafe572%26pf_rd_r%3DDAN2Y29X61MFJ00YZAKR%26qid%3D1692622850%26sbo%3DRZvfv%252F%252FHxDF%252BO5021pAnSA%253D%253D%26sprefix%3Dba%252Caps%252C283%26sr%3D1-1-5305f254-094d-43e2-b889-464ddb5d65bb-spons%26sp_csd%3Dd2lkZ2V0TmFtZT1zcF9zZWFyY2hfdGhlbWF0aWM%26psc%3D1
POLICE Backpack for Men Casual Laptop Bag Office/Travel/College 30 Ltr Hedge Polyester - Black,,4.1 out of 5 stars,4.1,https://www.amazon.in/sspa/click?ie=UTF8&spc=MTozNjQxOTcwODczMTc0NTk3OjE2OTI2MjI4NTA6c3Bfc2VhcmNoX3RoZW1hdGljOjMwMDAxMzM0Mjk4MzgzMjo6MDo6&url=%2FPolice-Polyester-laptop-casual-backpack%2Fdp%2FB09CQ5T3LN%2Fref%3Dsxbs_pa_sp_search_thematic_sspa%3Fcontent-id%3Damzn1.sym.8ea8b837-e8d5-4d1c-96e0-6db92bafe572%253Aamzn1.sym.8ea8b837-e8d5-4d1c-96e0-6db92bafe572%26crid%3D2M096C61O4MLT%26cv_ct_cx%3Dbags%26keywords%3Dbags%26pd_rd_i%3DB09CQ5T3LN%26pd_rd_r%3Df3ef8520-5440-4a29-a81b-fa08c65c7695%26pd_rd_w%3D4wjxA%26pd_rd_wg%3D0zMPn%26pf_rd_p%3D8ea8b837-e8d5-4d1c-96e0-6db92bafe572%26pf_rd_r%3DDAN2Y29X61MFJ00YZAKR%26qid%3D1692622850%26sbo%3DRZvfv%252F%252FHxDF%252BO5021pAnSA%253D%253D%26sprefix%3Dba%252Caps%252C283%26sr%3D1-1-5305f254-094d-43e2-b889-464ddb5d65bb-spons%26sp_csd%3Dd2lkZ2V0TmFtZT1zcF9zZWFyY2hfdGhlbWF0aWM%26psc%3D1
Red Lemon Medium Size Unisex Adult Bange Series Rhombus Shell Design Waterproof Sling Bag With Usb Charging,,4.2 out of 5 stars,4.2,https://www.amazon.in/sspa/click?ie=UTF8&spc=MTozNjQxOTcwODczMTc0NTk3OjE2OTI2MjI4NTA6c3Bfc2VhcmNoX3RoZW1hdGljOjIwMDk4NzE5MDg2ODk4OjoxOjo&url=%2FRed-Lemon-Unisex-adult-Waterproof-Charging%2Fdp%2FB09VGNTDRZ%2Fref%3Dsxbs_pa_sp_search_thematic_sspa%3Fcontent-id%3Damzn1.sym.8ea8b837-e8d5-4d1c-96e0-6db92bafe572%253Aamzn1.sym.8ea8b837-e8d5-4d1c-96e0-6db92bafe572%26crid%3D2M096C61O4MLT%26cv_ct_cx%3Dbags%26keywords%3Dbags%26pd_rd_i%3DB09VGNTDRZ%26pd_rd_r%3Df3ef8520-5440-4a29-a81b-fa08c65c7695%26pd_rd_w%3D4wjxA%26pd_rd_wg%3D0zMPn%26pf_rd_p%3D8ea8b837-e8d5-4d1c-96e0-6db92bafe572%26pf_rd_r%3DDAN2Y29X61MFJ00YZAKR%26qid%3D1692622850%26sbo%3DRZvfv%252F%252FHxDF%252BO5021pAnSA%253D%253D%26sprefix%3Dba%252Caps%252C283%26sr%3D1-2-5305f254-094d-43e2-b889-464ddb5d65bb-spons%26sp_csd%3Dd2lkZ2V0TmFtZT1zcF9zZWFyY2hfdGhlbWF0aWM%26psc%3D1
FUR JADEN Pro Series Smart Tech Anti-Theft Laptop Backpack With USB-A and USB-C Type Charging Port for Men & Women For Business Professionals & College Students,,4.6 out of 5 stars,4.6,https://www.amazon.in/sspa/click?ie=UTF8&spc=MTozNjQxOTcwODczMTc0NTk3OjE2OTI2MjI4NTA6c3Bfc2VhcmNoX3RoZW1hdGljOjIwMTUzOTYyNDIxNDk4OjoyOjo&url=%2FFUR-JADEN-Anti-Theft-Backpack-Professionals%2Fdp%2FB0C28QQMFJ%2Fref%3Dsxbs_pa_sp_search_thematic_sspa%3Fcontent-id%3Damzn1.sym.8ea8b837-e8d5-4d1c-96e0-6db92bafe572%253Aamzn1.sym.8ea8b837-e8d5-4d1c-96e0-6db92bafe572%26crid%3D2M096C61O4MLT%26cv_ct_cx%3Dbags%26keywords%3Dbags%26pd_rd_i%3DB0C28QQMFJ%26pd_rd_r%3Df3ef8520-5440-4a29-a81b-fa08c65c7695%26pd_rd_w%3D4wjxA%26pd_rd_wg%3D0zMPn%26pf_rd_p%3D8ea8b837-e8d5-4d1c-96e0-6db92bafe572%26pf_rd_r%3DDAN2Y29X61MFJ00YZAKR%26qid%3D1692622850%26sbo%3DRZvfv%252F%252FHxDF%252BO5021pAnSA%253D%253D%26sprefix%3Dba%252Caps%252C283%26sr%3D1-3-5305f254-094d-43e2-b889-464ddb5d65bb-spons%26sp_csd%3Dd2lkZ2V0TmFtZT1zcF9zZWFyY2hfdGhlbWF0aWM%26psc%3D1
,,4.3 out of 5 stars,,https://www.amazon.in/sspa/click?ie=UTF8&spc=MTozNjQxOTcwODczMTc0NTk3OjE2OTI2MjI4NTA6c3Bfc2VhcmNoX3RoZW1hdGljOjIwMDM0NzMxNDc3MzA2OjozOjo&url=%2FCOSMUS-Polyester-Black-Laptop-Backpack%2Fdp%2FB01FUKZRCU%2Fref%3Dsxbs_pa_sp_search_thematic_sspa%3Fcontent-id%3Damzn1.sym.8ea8b837-e8d5-4d1c-96e0-6db92bafe572%253Aamzn1.sym.8ea8b837-e8d5-4d1c-96e0-6db92bafe572%26crid%3D2M096C61O4MLT%26cv_ct_cx%3Dbags%26keywords%3Dbags%26pd_rd_i%3DB01FUKZRCU%26pd_rd_r%3Df3ef8520-5440-4a29-a81b-fa08c65c7695%26pd_rd_w%3D4wjxA%26pd_rd_wg%3D0zMPn%26pf_rd_p%3D8ea8b837-e8d5-4d1c-96e0-6db92bafe572%26pf_rd_r%3DDAN2Y29X61MFJ00YZAKR%26qid%3D1692622850%26sbo%3DRZvfv%252F%252FHxDF%252BO5021pAnSA%253D%253D%26sprefix%3Dba%252Caps%252C283%26sr%3D1-4-5305f254-094d-43e2-b889-464ddb5d65bb-spons%26sp_csd%3Dd2lkZ2V0TmFtZT1zcF9zZWFyY2hfdGhlbWF0aWM%26psc%3D1
,,4.1 out of 5 stars,,https://www.amazon.in/sspa/click?ie=UTF8&spc=MTozNjQxOTcwODczMTc0NTk3OjE2OTI2MjI4NTA6c3Bfc2VhcmNoX3RoZW1hdGljOjIwMDkwNjQ0OTk5NjA2Ojo0Ojo&url=%2FCosmus-Tuxer-Laptop-Backpack-Compartments%2Fdp%2FB09HCJKKF4%2Fref%3Dsxbs_pa_sp_search_thematic_sspa%3Fcontent-id%3Damzn1.sym.8ea8b837-e8d5-4d1c-96e0-6db92bafe572%253Aamzn1.sym.8ea8b837-e8d5-4d1c-96e0-6db92bafe572%26crid%3D2M096C61O4MLT%26cv_ct_cx%3Dbags%26keywords%3Dbags%26pd_rd_i%3DB09HCJKKF4%26pd_rd_r%3Df3ef8520-5440-4a29-a81b-fa08c65c7695%26pd_rd_w%3D4wjxA%26pd_rd_wg%3D0zMPn%26pf_rd_p%3D8ea8b837-e8d5-4d1c-96e0-6db92bafe572%26pf_rd_r%3DDAN2Y29X61MFJ00YZAKR%26qid%3D1692622850%26sbo%3DRZvfv%252F%252FHxDF%252BO5021pAnSA%253D%253D%26sprefix%3Dba%252Caps%252C283%26sr%3D1-5-5305f254-094d-43e2-b889-464ddb5d65bb-spons%26sp_csd%3Dd2lkZ2V0TmFtZT1zcF9zZWFyY2hfdGhlbWF0aWM%26psc%3D1
"uppercase SealPro Professional Laptop Backpack (15.6 Inch) 3x more water resistant sustainable bags with rain proof zippers & Anti-theft for Men, Women, Boys and Girls, 750 Days warranty",,4.5 out of 5 stars,4.5,https://www.amazon.in/sspa/click?ie=UTF8&spc=MTo1ODU4MDU3NjAyNDgzNTk3OjE2OTI2MjI4NTY6c3BfYXRmX25leHQ6MjAxMDU3MTU4MjE1OTg6OjA6Og&url=%2Fuppercase-Professional-resistant-sustainable-Anti-theft%2Fdp%2FB0BR1C59R8%2Fref%3Dsr_1_17_sspa%3Fcrid%3D2M096C61O4MLT%26keywords%3Dbags%26qid%3D1692622855%26sprefix%3Dba%252Caps%252C283%26sr%3D8-17-spons%26sp_csd%3Dd2lkZ2V0TmFtZT1zcF9hdGZfbmV4dA%26psc%3D1
COSMUS WEBSTAR 45 CM LAPTOP BACKPACK 35 LTRS LARGE SCHOOL BAG/TRAVEL BAGPACK (GREY),,4.2 out of 5 stars,4.2,https://www.amazon.in/sspa/click?ie=UTF8&spc=MTo1ODU4MDU3NjAyNDgzNTk3OjE2OTI2MjI4NTY6c3BfYXRmX25leHQ6MjAwNDE2ODQwNzcyMDY6OjA6Og&url=%2FCOSMUS-WEBSTAR-LAPTOP-BACKPACK-BAGPACK%2Fdp%2FB08D7DFBYP%2Fref%3Dsr_1_18_sspa%3Fcrid%3D2M096C61O4MLT%26keywords%3Dbags%26qid%3D1692622855%26sprefix%3Dba%252Caps%252C283%26sr%3D8-18-spons%26sp_csd%3Dd2lkZ2V0TmFtZT1zcF9hdGZfbmV4dA%26psc%3D1
Lavie Sport Lino Large Size 63 cms Wheel Duffle Bag for Travel | Travel Bag with Trolley,,4.0 out of 5 stars,4.0,https://www.amazon.in/Lavie-Sport-Duffle-Luggage-Trolley/dp/B097RJ22Q3/ref=sr_1_19?crid=2M096C61O4MLT&keywords=bags&qid=1692622855&sprefix=ba%2Caps%2C283&sr=8-19
ADISA 15.6 inch laptop backpack office bag college travel back pack 32 Ltrs,,3.9 out of 5 stars,3.9,https://www.amazon.in/ADISA-Laptop-Backpack-Office-College/dp/B09TPX22NF/ref=sr_1_20?crid=2M096C61O4MLT&keywords=bags&qid=1692622855&sprefix=ba%2Caps%2C283&sr=8-20
Gear Cello 30 Ltrs Black Laptop Backpack (LBPASPIRE0104),,4.4 out of 5 stars,4.4,https://www.amazon.in/Gear-Black-Laptop-Backpack-LBPASPIRE0104/dp/B075MK4TXP/ref=sr_1_21?crid=2M096C61O4MLT&keywords=bags&qid=1692622855&sprefix=ba%2Caps%2C283&sr=8-21
Half Moon Aztec 37L School Bag Class 5-12 | College Bagpack for Men/College Back pack for Women | 15.6 inch Laptop Bag for Men/Backpack for Men | Spacious & Multiple Pockets,,3.6 out of 5 stars,3.6,https://www.amazon.in/Half-Moon-Backpack-Spacious-Multiple/dp/B0C23Z9W18/ref=sr_1_22?crid=2M096C61O4MLT&keywords=bags&qid=1692622855&sprefix=ba%2Caps%2C283&sr=8-22
"Lenovo 15.6"" (39.62cm) Slim Everyday Backpack, Made in India, Compact, Water-resistant, Organized storage:Laptop sleeve,tablet pocket,front workstation,2-side pockets,Padded adjustable shoulder straps",,4.3 out of 5 stars,4.3,https://www.amazon.in/Lenovo-15-6-Inches-Everyday-Backpack/dp/B08R7RPVJF/ref=sr_1_23?crid=2M096C61O4MLT&keywords=bags&qid=1692622855&sprefix=ba%2Caps%2C283&sr=8-23
Safari Quill Large Laptop Backpack 26 Ltrs Water Resistant Fabric - Black,,3.9 out of 5 stars,3.9,https://www.amazon.in/Safari-Laptop-Backpack-Resistant-Fabric/dp/B09B25Z8M2/ref=sr_1_24?crid=2M096C61O4MLT&keywords=bags&qid=1692622855&sprefix=ba%2Caps%2C283&sr=8-24
FUR JADEN Anti Theft Backpack 15.6 Inch Laptop Bag with USB Charging Port For Men Women Boys Girls,,4.0 out of 5 stars,4.0,https://www.amazon.in/Fur-Jaden-Black-Waterproof-Backpack/dp/B078GLXMDY/ref=sr_1_25?crid=2M096C61O4MLT&keywords=bags&qid=1692622855&sprefix=ba%2Caps%2C283&sr=8-25
"American Tourister VALEX BLACK LAPTOP BACKPACK 28 Ltrs,Volume, LAPTOP COMPARTMENT, BOTTLE POCKET, FRONT ORGANIZER",,4.3 out of 5 stars,4.3,https://www.amazon.in/gp/bestsellers/computers/1375464031/ref=sr_bs_9_1375464031_1
"uppercase Matrix Professional Anti-theft Laptop Backpack (15.6 Inch) 3x more water resistant sustainable bags with rain proof zippers for Men, Women, Boys and Girls, 750 Days warranty",,4.2 out of 5 stars,4.2,https://www.amazon.in/sspa/click?ie=UTF8&spc=MTo1ODU4MDU3NjAyNDgzNTk3OjE2OTI2MjI4NTY6c3BfbXRmOjIwMTEyMDk2MzE3NTk4OjowOjo&url=%2Fuppercase-Professional-Anti-theft-resistant-sustainable%2Fdp%2FB0BSH4H4DB%2Fref%3Dsr_1_27_sspa%3Fcrid%3D2M096C61O4MLT%26keywords%3Dbags%26qid%3D1692622855%26sprefix%3Dba%252Caps%252C283%26sr%3D8-27-spons%26sp_csd%3Dd2lkZ2V0TmFtZT1zcF9tdGY%26psc%3D1
"Swiss Military laptop Bag, Camouflage Print Multi Utility Backpack, Polyester, Adjustable Strap, USB Charging Socket (LBP96)",,3.3 out of 5 stars,3.3,https://www.amazon.in/sspa/click?ie=UTF8&spc=MTo1ODU4MDU3NjAyNDgzNTk3OjE2OTI2MjI4NTY6c3BfbXRmOjIwMTAzNDY3NjkyMTk4OjowOjo&url=%2FSwiss-Military-Camouflage-Adjustable-LBP96%2Fdp%2FB0BBLZ2KT8%2Fref%3Dsr_1_28_sspa%3Fcrid%3D2M096C61O4MLT%26keywords%3Dbags%26qid%3D1692622855%26sprefix%3Dba%252Caps%252C283%26sr%3D8-28-spons%26sp_csd%3Dd2lkZ2V0TmFtZT1zcF9tdGY%26psc%3D1
"Lunar's V-Line Backpack for Men, Blue | 35L Water Resistant School Bags for Boys | Stylish, & Durable | College Bags for Men/College Bag for Girls | 1 Yr Warranty",,4.1 out of 5 stars,4.1,https://www.amazon.in/Lunars-V-Line-Resistant-Bagpack-College/dp/B08BP5CYDV/ref=sr_1_29?crid=2M096C61O4MLT&keywords=bags&qid=1692622855&sprefix=ba%2Caps%2C283&sr=8-29
Safari Quill Large Laptop Backpack 26 Ltrs Water Resistant Fabric - Blue,,4.0 out of 5 stars,4.0,https://www.amazon.in/Safari-Laptop-Backpack-Resistant-Fabric/dp/B09B28TKLG/ref=sr_1_30?crid=2M096C61O4MLT&keywords=bags&qid=1692622855&sprefix=ba%2Caps%2C283&sr=8-30
"WILDHORN 31L Laptop Backpack for Men/Women I Fits upto 15.6"" Laptop I Waterproof I Travel/Business/College Bookbags",,4.0 out of 5 stars,4.0,https://www.amazon.in/WILDHORN-Backpack-Compartment-Business-Stitching/dp/B09QL81ZHB/ref=sr_1_31?crid=2M096C61O4MLT&keywords=bags&qid=1692622855&sprefix=ba%2Caps%2C283&sr=8-31
ADISA Light Weight Laptop Backpack 32 Ltrs,,4.0 out of 5 stars,4.0,https://www.amazon.in/ADISA-BP005-Weight-Casual-Backpack/dp/B07F3X45WZ/ref=sr_1_32?crid=2M096C61O4MLT&keywords=bags&qid=1692622855&sprefix=ba%2Caps%2C283&sr=8-32
"FATMUG Laptop Bag For Men - Convertible Backpack For Office And Travel (Dark Grey,Oxford Fabric)",,4.4 out of 5 stars,4.4,https://www.amazon.in/FATMUG-Laptop-Bag-Men-Convertible/dp/B084LF4RT5/ref=sr_1_33?crid=2M096C61O4MLT&keywords=bags&qid=1692622855&sprefix=ba%2Caps%2C283&sr=8-33
"WILDHORN 31L Laptop Backpack for Men/Women I Fits upto 15.6"" Laptop I Waterproof I Travel/Business/College Bookbags",,4.0 out of 5 stars,4.0,https://www.amazon.in/WILDHORN-Backpack-Compartment-Business-Stitching/dp/B09QL66G55/ref=sr_1_34?crid=2M096C61O4MLT&keywords=bags&qid=1692622855&sprefix=ba%2Caps%2C283&sr=8-34
ADISA 31 Ltrs Casual Backpack School College Bag Pack,,4.0 out of 5 stars,4.0,https://www.amazon.in/ADISA-Casual-Backpack-College-BP046-NAV_Navy/dp/B0BX3QFVSM/ref=sr_1_35?crid=2M096C61O4MLT&keywords=bags&qid=1692622855&sprefix=ba%2Caps%2C283&sr=8-35
Arctic Fox 15 Liters Draw String Bag Lavender Backpack,,4.2 out of 5 stars,4.2,https://www.amazon.in/Arctic-Fox-Liters-String-Backpack/dp/B08L6Q9V1H/ref=sr_1_36?crid=2M096C61O4MLT&keywords=bags&qid=1692622855&sprefix=ba%2Caps%2C283&sr=8-36
uppercase 14 Ltrs Medium (14.6 Inch) Laptop Backpack 2100EBP1 Roll Top Office College 3x More Water Repellent Sustainable Bags With Rainproof Zippers For Unisex,,4.2 out of 5 stars,4.2,https://www.amazon.in/sspa/click?ie=UTF8&spc=MTo1ODU4MDU3NjAyNDgzNTk3OjE2OTI2MjI4NTY6c3BfYnRmOjIwMDk3NTc5NTAxNzk4OjowOjo&url=%2Fuppercase-ltrs-backpack-INVALID-DATA_red%2Fdp%2FB0B691HSL3%2Fref%3Dsr_1_37_sspa%3Fcrid%3D2M096C61O4MLT%26keywords%3Dbags%26qid%3D1692622855%26sprefix%3Dba%252Caps%252C283%26sr%3D8-37-spons%26sp_csd%3Dd2lkZ2V0TmFtZT1zcF9idGY%26psc%3D1
"uppercase 26 Ltrs Ryder Professional Laptop Backpack (15.6 Inch) 3x more water resistant sustainable bags with rain proof zippers for Men, Women, Boys and Girls, 750 Days warranty",,4.3 out of 5 stars,4.3,https://www.amazon.in/sspa/click?ie=UTF8&spc=MTo1ODU4MDU3NjAyNDgzNTk3OjE2OTI2MjI4NTY6c3BfYnRmOjIwMTA4NDc1MDc0Njk4OjowOjo&url=%2Fuppercase-Professional-Backpack-resistant-sustainable%2Fdp%2FB0BRMWDNZ7%2Fref%3Dsr_1_38_sspa%3Fcrid%3D2M096C61O4MLT%26keywords%3Dbags%26qid%3D1692622855%26sprefix%3Dba%252Caps%252C283%26sr%3D8-38-spons%26sp_csd%3Dd2lkZ2V0TmFtZT1zcF9idGY%26psc%3D1
EXOTIC Women Hand/Sling bag,,4.1 out of 5 stars,4.1,https://www.amazon.inhttps://aax-eu.amazon.in/x/c/RLUrQACE1YjSvYY0JVywiesAAAGKGC8fWgMAAAH2AQBvbm9fdHhuX2JpZDMgICBvbm9fdHhuX2ltcDEgICAWWpyA/https://www.amazon.in/dp/B09RW3DK6W?pd_rd_i=B09RW3DK6W&pf_rd_p=880c6186-3832-495e-9caa-7ecfb2f5e88c&pf_rd_r=QB7RCZBEW3F3WPZ13JVD&pd_rd_wg=ELmHZ&pd_rd_w=uEr0e&pd_rd_r=79688243-f5dd-409d-981d-a5c7ba16864a
